# q27 model registry — drives `q27 pull`, `q27 bench`, `q27 serve`.
# One line per installable pack. TAB-separated. # lines are comments.
# The wrapper reads this file (installed next to it by the formula).
#
# Columns (TAB-separated, no leading/trailing spaces):
#   1 name          short handle the user types (`q27 pull <name>`)
#   2 display       human label
#   3 quant_policy  artifact's quant_policy metadata value (route selector)
#   4 artifact_file the .q27 filename inside the model dir
#   5 artifact_md5  expected md5 of the artifact (empty if unverified/unknown)
#   6 weights_gb    artifact size in GiB (bytes/2^30), for fit checks
#   7 min_ram_gb    practical minimum unified memory (GiB) to run + starter ctx
#   8 hf_repo       Hugging Face repo hosting the artifact/source
#   9 source_kind   direct = download .q27 (md5-checked);
#                   repack = download GGUF, repack locally (sha256-checked);
#                   local  = produced on this machine, not downloadable
#  10 tokenizer     direct = download the .tok; gguf = export from source GGUF
#  11 experimental  yes = opt-in research pack; no = supported
#  12 notes         one-line guidance shown by `q27 pull <name>`
#  13 model_profile stable runtime behavior profile; wrapper policy must key on
#                   this field, never on a pack-name prefix
#  14 artifact_sha256 SHA-256 rechecked by fetch and every runtime launch
#  15 hf_revision     immutable HF commit used for both direct files
#  16 tokenizer_file  exact tokenizer filename (never a directory glob)
#  17 tokenizer_sha256 SHA-256 rechecked by fetch and every runtime launch
#
# Official Qwen3.6-27B-MTP tiers live in signalnine/Qwen3.6-27B-MTP-q27 and
# are direct .q27 downloads verified against that repo's CHECKSUMS.md5.
# Bonsai ternary/binary tiers are lossless repacks of prism-ml GGUFs. They are
# pre-repacked once and hosted at manthedan/q27-bonsai-packs as direct .q27
# (+ .tok) downloads verified by md5, so testers need no Python/numpy/gguf.
# The repack is deterministic and reproducible from the prism-ml GGUF via
# tools/repack.py (pinned source + artifact sha256 in q27-fetch); the hosted
# artifacts are byte-identical to that repack.
#
# Qwen3.8 c-small is intentionally redistributed as an Apache-2.0 quantized
# derivative with upstream license/NOTICE, immutable source revisions, and
# exact artifact/tokenizer SHA-256 values. This supersedes the earlier blanket
# "do not redistribute official checkpoint weights" packaging note for this
# pack only; no other row gains that policy implicitly.
#
name	display	quant_policy	artifact_file	artifact_md5	weights_gb	min_ram_gb	hf_repo	source_kind	tokenizer	experimental	notes	model_profile	artifact_sha256	hf_revision	tokenizer_file	tokenizer_sha256
b2	Bonsai 2 27B ternary T2 (2.25 bpw)	bonsai2-t2-v1	bonsai2-27b-t2-slim.q27	12ee25013ee2985f1236170bd2a6abec	6.70	16	manthedan/q27-bonsai-packs	direct	direct	no	Default. Bonsai 2 (Qwen3.8-trained ternary): thinking, XML tools, suffix speculation; chunked prefill. Validated in metal-v0.7.0.	bonsai2-qwen38-v1	b85094a0f53c68c25fc73c28e70e05462620417698c7b08a8977d475391f0aeb	6d59ea13028499df3edc94359297f7cd73331ce6	qwen38-27b-mtp.tok	f8adac2001668f3ba68e040e5c13f0982d6a194e2b4d9047cc050fdc6d7c93f2
b2-t3	Bonsai 2 27B ternary T3 (1.6 bpw)	bonsai2-t3-v1	bonsai2-27b-t3-slim.q27	292fbb0cc5f19ffdb2f60be19ad21e97	5.64	16	signalnine/Bonsai-2-27B-q27	direct	direct	no	Smaller Bonsai 2 pack (five trits/byte); serial prefill, so long prompts start slower than b2. Validated in metal-v0.7.0.	bonsai2-qwen38-v1	e548b5208c693f087cb00fe6c73a5da4942982612d4923374a2031bf653e669d	b50cbb33406732bebfe628f0d5205aaebc96a69c	qwen38-27b-mtp.tok	f8adac2001668f3ba68e040e5c13f0982d6a194e2b4d9047cc050fdc6d7c93f2
b1	Bonsai-27B binary (1.125 bpw)	bonsai-b1-v1	bonsai-27b-b1.q27	3b9545dc8b723342c98ee148ca1c8e72	3.53	8	manthedan/q27-bonsai-packs	direct	direct	yes	NOT re-validated in metal-v0.7.0 (stay on metal-v0.6.1 for this pack). Smallest fully-resident 27B; fastest decode on 16 GB; passed the full quality/probe battery.	bonsai-agent-v1
t2	Bonsai-27B ternary (2.25 bpw)	bonsai-t2-v1	ternary-bonsai-27b-t2.q27	8babb56d67b63f2308f883912a272bb3	6.66	16	manthedan/q27-bonsai-packs	direct	direct	yes	NOT re-validated in metal-v0.7.0 (stay on metal-v0.6.1 for this pack). The 16 GB answer; task quality holds, ~2.1-2.3x official PPL.	bonsai-agent-v1
m1	Bonsai-27B mixed B1/T2 graft (EXPERIMENTAL)	bonsai-mixed-v1	bonsai-27b-m1.q27		3.57	8	local-only	local	direct	yes	NOT re-validated in metal-v0.7.0 (stay on metal-v0.6.1 for this pack). EXPERIMENTAL: mixed-graft thesis is closed (A5 KILL on both corpora) but the pack is kept for users who want to try it; not a supported tier. Built locally via tools/q27_mix.py.	bonsai-agent-v1
q38-q4s	Qwen3.8-27B-MTP q4s (local validation only)	q4s-v1	qwen38-27b-mtp-q4s.q27	bd2eca11d7aefdec00cb58b0d8e8eb8e	14.40	24	local-only	local	direct	yes	NOT re-validated in metal-v0.7.0 (stay on metal-v0.6.1 for this pack). LOCAL VALIDATION ONLY: reproducible control superseded by c-small; retained for differential validation and never recommended.	qwen38-thinking-v1
q38	Qwen3.8-27B-MTP c-small (24 GB selected)	q38-c-small-v1	qwen38-27b-mtp-c-small.q27	e43dc81606d28825bfe129b56401220d	14.63	24	manthedan/Qwen3.8-27B-MTP-q27	direct	direct	no	Selected 24 GB Qwen3.8 tier: Q4 head plus Q8 attn_output; better chunked and 24K single-pass PPL than q4s with 34K+ FP16 auto-context headroom. Validated in metal-v0.7.1 (24 GB M4).	qwen38-thinking-v1	e7736cbfabccc61a57b19468217b8d1975c589c56bd15fdda121fdcc0e3ae0ff	fc7656476a9a7e83d58151f99620fe19b22b3688	qwen38-27b-mtp.tok	f8adac2001668f3ba68e040e5c13f0982d6a194e2b4d9047cc050fdc6d7c93f2
default	Qwen3.6-27B-MTP official (5.25 bpw)	v1.4	qwen36-27b-mtp.q27	39fd724426088abaef6e0bad66d6dac6	16.51	24	signalnine/Qwen3.6-27B-MTP-q27	direct	direct	yes	NOT re-validated in metal-v0.7.0 (stay on metal-v0.6.1 for this pack). Max speed + trained MTP head; the only official tier that fits 24 GB (borderline, needs an idle machine).	qwen36-v1
q4s	Qwen3.6-27B-MTP q4s (15.5 GB)	v1.4	qwen36-27b-mtp-q4s.q27	7e5454e0c0ded717136ad3e42634ba25	14.44	20	signalnine/Qwen3.6-27B-MTP-q27	direct	direct	yes	NOT re-validated in metal-v0.7.0 (stay on metal-v0.6.1 for this pack). Official 15.5 GB tier; fits 20 GB+ with headroom the 17 GB default lacks.	qwen36-v1
q6	Qwen3.6-27B-MTP q6 (6.0 bpw)	q6-v1	qwen36-27b-mtp-q6.q27	7a0d21b4e44254e1820ca4fd75ea8fee	19.09	28	signalnine/Qwen3.6-27B-MTP-q27	direct	direct	yes	NOT re-validated in metal-v0.7.0 (stay on metal-v0.6.1 for this pack). +0.35% PPL over Q5_K_M; 28 GB+ machines.	qwen36-v1
q6k	Qwen3.6-27B-MTP q6k (6.8 bpw)	q6k-v1	qwen36-27b-mtp-q6k.q27	30d5657d47cf20fb0c6ee8d27c351fe6	21.70	32	signalnine/Qwen3.6-27B-MTP-q27	direct	direct	yes	NOT re-validated in metal-v0.7.0 (stay on metal-v0.6.1 for this pack). GGUF-matching quality, ~10% slower; 32 GB+ machines.	qwen36-v1
q8	Qwen3.6-27B-MTP q8 (8.1 bpw, UNVALIDATED)	q8-v1	qwen36-27b-mtp-q8.q27	d799948795fdc9151d2bdc23a3100181	26.49	36	signalnine/Qwen3.6-27B-MTP-q27	direct	direct	yes	NOT re-validated in metal-v0.7.0 (stay on metal-v0.6.1 for this pack). UNVALIDATED upstream pending 48GB-class hardware. Our remote-dev/diagnosis target: run `q27 report` on a 36-48GB+ machine and send the bundle back.	qwen36-v1
